<?xml version="1.0" encoding="UTF-8"?>
<!DOCTYPE hibernate-mapping PUBLIC
	"-//Hibernate/Hibernate Mapping DTD 3.0//EN"
	"http://www.hibernate.org/dtd/hibernate-mapping-3.0.dtd">

<hibernate-mapping>
	<class name="classes.Student" table="STUDENT_INFO">
		<id name="rollNo">
			<generator class="native"></generator>
		</id>
		<property name="fname" column="FIRST_NAME"></property>
		<property name="lname" column="LAST_NAME"></property>
		<!-- <component name="addr" class="classes.Address">
			<property name="city" column="CITY"></property>
			<property name="pin" column="PINCODE"></property>
		</component> -->
		<many-to-one name="addr" class="classes.Address"
            column="ADDR_ID" unique="true" not-null="true"
            cascade="all" />	
	</class>
</hibernate-mapping>