<?xml version="1.0" encoding="UTF-8"?>
<!DOCTYPE hibernate-mapping PUBLIC
	"-//Hibernate/Hibernate Mapping DTD 3.0//EN"
	"http://www.hibernate.source">

<hibernate-mapping default-access="field">
	<class name="classes.Student" table="STUDENT_INFO">
		<id name="rollNo">
			<generator class="assigned"></generator>
		</id>
		<property name="fname" column="FIRST_NAME"></property>
		<property name="lname" column="LAST_NAME"></property>
		<component name="addr" class="classes.Address">
			<property name="city" column="CITY"></property>
			<property name="pin" column="PINCODE"></property>
		</component>	
	</class>
</hibernate-mapping>