<?xml version="1.0" encoding="UTF-8"?>
<!DOCTYPE hibernate-configuration PUBLIC
	"-//Hibernate/Hibernate Configuation DTD 3.0//EN"
	"http://www.hibernate.org/dtd/hibernate-configuration-3.0.dtd">

<hibernate-configuration>
	<session-factory>
		<property name="hibernate.connection.driver_class">com.mysql.cj.jdbc.Driver</property>
		<property name="hibernate.connection.password">admin</property>
		<property name="hibernate.connection.url">jdbc:mysql://localhost:3307/hibernate</property>
		<property name="hibernate.connection.username">root</property>
		<property name="hibernate.dialect">org.hibernate.dialect.MySQL8Dialect</property>
        
        <property name="show_sql">true</property>
        <property name="hibernate.hbm2ddl.auto">create</property>
        <property name="hibernate.default_schema">mysql</property>
        
        <mapping resource="Vehicle.hbm.xml"/>

	</session-factory>

</hibernate-configuration>	 