<?xml version="1.0" encoding="UTF-8"?>
<!DOCTYPE hibernate-mapping PUBLIC
	"-//Hibernate/Hibernate Mapping DTD 3.0//EN"
	"http://www.hibernate.org/dtd/hibernate-mapping-3.0.dtd">

<hibernate-mapping>
	<class name="classes.Vehicle" table="VEHICLE_DATA">
		<id name="id">
			<generator class="native"></generator>
		</id>
		<discriminator column="VEHICLE_TYPE"/>
		<property name="vNo" column="VEHICLE_NO"/>
		<subclass name="classes.Scooter" 
			discriminator-value="SC">
			<property name="regNo"></property>
			<property name="name"></property>
		</subclass>
		<subclass name="classes.Car"
			discriminator-value="CR">
			<property name="regNo"></property>
			<property name="variant"></property>
		</subclass>
	</class>
</hibernate-mapping>