<?xml version="1.0"?>
<!DOCTYPE hibernate-mapping PUBLIC
        "-//Hibernate/Hibernate Mapping DTD 3.0//EN"
        "http://hibernate.sourceforge.net/hibernate-mapping-3.0.dtd">

<hibernate-mapping  package="hello">

    <class name="Message" table="MESSAGES" >
       <id name="id" >
              <generator class="native"/> 
        <!--  <generator class="assigned"/> -->
        </id> 
    <!--   <id name="id" >
            <generator class="sequence">
               <param name="sequence">vivek_sequence</param>
               <param name="parameters">start with 10 increment by 2</param>
            </generator>
        </id>  -->
      <property name="message" column="MESSAGE_TEXT" access="field" /> 
      <property name="details" access="field" column="DETAILS" /> 
      <property name="concat_msg"  access="field" />
   </class>

</hibernate-mapping>
