<?xml version='1.0' encoding='utf-8'?>
<!DOCTYPE hibernate-configuration PUBLIC
        "-//Hibernate/Hibernate Configuration DTD 3.0//EN"
        "http://hibernate.sourceforge.net/hibernate-configuration-3.0.dtd">

<hibernate-configuration>

    <session-factory>

        <!-- Database connection settings -->

        <property name="connection.driver_class">oracle.jdbc.driver.OracleDriver</property>
        <property name="connection.url">jdbc:oracle:thin:@localhost:1521:XE</property>
        <property name="connection.username">system</property>
        <property name="connection.password">system</property>
        <!-- JDBC connection pool (use the built-in) -->
<property name="hibernate.connection.provider_class">org.hibernate.connection.C3P0ConnectionProvider</property>
<property name="hibernate.c3p0.max_size">10</property>
<property name="hibernate.c3p0.min_size">5</property>
<property name="hibernate.c3p0.timeout">5000</property>
<property name="hibernate.c3p0.max_statements">100</property>
<property name="hibernate.c3p0.idle_test_period">3000</property>
<property name="hibernate.c3p0.acquire_increment">2</property>
<property name="hibernate.c3p0.validate">false</property>

        <!-- SQL dialect -->
        <property name="dialect">org.hibernate.dialect.Oracle10gDialect</property>

        <!-- Enable Hibernate's automatic session context management -->
        <property name="current_session_context_class">thread</property>

        <!-- Disable the second-level cache  -->
        <property name="cache.provider_class">org.hibernate.cache.NoCacheProvider</property>

        <!-- Echo all executed SQL to stdout -->
        <property name="show_sql">true</property>

        <!-- Drop and re-create the database schema on startup -->
       <property name="hibernate.hbm2ddl.auto">create</property>  

        <mapping resource="hello/Message.hbm.xml"/>


    </session-factory>

</hibernate-configuration>

